{"cameraMode":{"drawMode":0,"name":"Shaded","section":"Shading Mode"},"sceneLighting":false,"audioPlay":false,"sceneViewState":{"m_AlwaysRefresh":false,"showFog":true,"showSkybox":false,"showFlares":true,"showImageEffects":true,"showParticleSystems":true,"showVisualEffectGraphs":true,"m_FxEnabled":true},"in2DMode":false,"pivot":{"x":-0.0388314425945282,"y":-0.12023420631885529,"z":0.164252370595932},"rotation":{"x":-0.30580732226371767,"y":0.21605969965457917,"z":-0.07176923006772995,"w":-0.9245573282241821},"size":0.21986128389835359,"orthographic":false}